[{"id":"28","lat":"50.118691","long":"-122.94745219999999","title":"Squamish Lil’wat Cultural Centre","pin":"pin-red.png"},{"id":"30","lat":"50.1177064","long":"-122.9569022","title":"Whistler Museum","pin":"pin-yellow.png"},{"id":"33","lat":"50.117762","long":"-122.9540055","title":"Maury Young Arts Centre","pin":"pin-red.png"},{"id":"35","lat":"50.1173023","long":"-122.95626620000002","title":"Whistler Public Library","pin":"pin-yellow.png"},{"id":"37","lat":"50.12023199999999","long":"-122.948241","title":"Lost Lake PassivHaus","pin":"pin-lime.png"},{"id":"39","lat":"50.112076","long":"-122.95604300000002","title":"Adele Campbell Fine Art Gallery","pin":"pin-red.png"},{"id":"41","lat":"50.1131973","long":"-122.9557744","title":"Black Tusk Gallery","pin":"pin-red.png"},{"id":"43","lat":"50.1131973","long":"-122.9557744","title":"Fathom Stone Art Gallery","pin":"pin-red.png"},{"id":"51","lat":"50.1131973","long":"-122.9557744","title":"Mark Richards Gallery","pin":"pin-red.png"},{"id":"508","lat":"50.11722169999999","long":"-122.9551596","title":"Whistler Olympic Plaza","pin":"pin-lime.png"},{"id":"511","lat":"50.1177064","long":"-122.9569022","title":"Florence Petersen Park","pin":"pin-lime.png"},{"id":"513","lat":"50.1173192","long":"-122.9510133","title":"Whistler Skate Park","pin":"pin-orange.png"},{"id":"517","lat":"50.1158296","long":"-122.95034229999999","title":"Jeri","pin":"pin-orange.png"},{"id":"523","lat":"50.1162879","long":"-122.95340599999997","title":"Audain Art Museum","pin":"pin-red.png"},{"id":"544","lat":"50.1168908","long":"-122.94579440000001","title":"Mountain Galleries at the Fairmont","pin":"pin-red.png"},{"id":"546","lat":"50.117762","long":"-122.9540055","title":"The Gallery at MYAC","pin":"pin-red.png"},{"id":"548","lat":"50.1120757","long":"-122.95604270000001","title":"Suzanne Johnston Studio Gallery","pin":"pin-red.png"},{"id":"550","lat":"50.1166895","long":"-122.95483009999998","title":"The Plaza Gallery","pin":"pin-red.png"},{"id":"552","lat":"50.1131973","long":"-122.9557744","title":"Whistler Contemporary Gallery","pin":"pin-red.png"},{"id":"554","lat":"50.1141017","long":"-122.95603790000001","title":"The Crystal Lodge Art Gallery","pin":"pin-red.png"},{"id":"592","lat":"50.1163196","long":"-122.95735630000001","title":"Rebagliati and Peace Park","pin":"pin-lime.png"},{"id":"640","lat":"50.113622","long":"-122.953932","title":"120: The Source: Robert Studer • 2005 ","pin":"pin-orange.png"},{"id":"642","lat":"50.113552","long":"-122.955094","title":"121: Totem: Ken Mowatt ","pin":"pin-grass.png"},{"id":"644","lat":"50.114915","long":"-122.956278","title":"122: Rec-Line : Crosland Doak and lllarion Gallant• 2007 ","pin":"pin-orange.png"},{"id":"646","lat":"50.115997","long":"-122.958389","title":"123: Three Interwoven Wishbones and Wishes : Robert Tully • 2006 ","pin":"pin-orange.png"},{"id":"648","lat":"50.11608","long":"-122.95748","title":"124: lnukshuk (lnunngnaq): Moses Peech • 2010 ","pin":"pin-grass.png"},{"id":"650","lat":"50.116155","long":"-122.955173","title":"125: Bridge Banner Project: Various Artists  ","pin":"pin-orange.png"},{"id":"652","lat":"50.116155","long":"-122.955173","title":"126: Whistler Street Banners: Various Artists • Ongoing ","pin":"pin-orange.png"},{"id":"654","lat":"50.1163196","long":"-122.95735630000001","title":"127: Olympic & Paralympic Medals: Corinne Hunt, Omer Arbel • 2009 ","pin":"pin-orange.png"},{"id":"656","lat":"50.117241","long":"-122.956154","title":"128: Last Love Series: Patrick Sullivan • 2009 ","pin":"pin-grass.png"},{"id":"658","lat":"50.117323","long":"-122.956154","title":"129: Municipal Painting Library Collection ","pin":"pin-orange.png"},{"id":"660","lat":"50.117886","long":"-122.959303","title":"130: Storyteller’s Chair: Carlos Basanta • 2000 ","pin":"pin-orange.png"},{"id":"662","lat":"50.117886","long":"-122.959303","title":"131: Drinking Fountain: Simone Weber-Luckham •2000 ","pin":"pin-orange.png"},{"id":"664","lat":"50.117968","long":"-122.958052","title":"132: Wayfinder: Dwight Atkinson • 2000 ","pin":"pin-orange.png"},{"id":"666","lat":"50.117968","long":"-122.958052","title":"133: Sensory Wall: Jen Gellis • 2009 ","pin":"pin-orange.png"},{"id":"668","lat":"50.118986","long":"-122.955911","title":"134: Lynx: Paul Harder • 2009 ","pin":"pin-orange.png"},{"id":"670","lat":"50.119304","long":"-122.955008","title":"135: Olympic Lightning Figure: Ray Natraoro (Sesiysm) • 2011 Delmar Willams (Bankscht) ","pin":"pin-grass.png"},{"id":"672","lat":"50.118015","long":"-122.954025","title":"136: A Timeless Circle: Susan Point • 2016 ","pin":"pin-grass.png"},{"id":"674","lat":"50.118418","long":"-122.955165","title":"137: Olympic Rings & Paralympic Agitos • 2010 ","pin":"pin-orange.png"},{"id":"676","lat":"50.117973","long":"-122.955042","title":"138: Sightlines: Jennifer Macklem and Kip Jones • 1998 ","pin":"pin-orange.png"},{"id":"678","lat":"50.11794","long":"-122.954494","title":"139: Glacial Traces: Celine Rich • 1998 ","pin":"pin-orange.png"},{"id":"680","lat":"50.11788","long":"-122.954195","title":"140: Bear Affection: Mike Tyler • 2009 ","pin":"pin-orange.png"},{"id":"682","lat":"50.11788","long":"-122.954195","title":"141: Peace Tiles: Whistler Secondary School Art Students • 2005, 2007 ","pin":"pin-orange.png"},{"id":"684","lat":"50.115343","long":"-122.949195","title":"142: Full Circle: Daniel Poisson and Corinna Haight • 2009 ","pin":"pin-orange.png"},{"id":"686","lat":"50.116316","long":"-122.946422","title":"143: The Garden & the Wilderness: Muse Atelier • 2000 ","pin":"pin-orange.png"},{"id":"688","lat":"50.118363","long":"-122.945342","title":"144: Welcome Arch: Clarence Mills • 2009 ","pin":"pin-grass.png"},{"id":"690","lat":"50.118688","long":"-122.945213","title":"145: Celestri: Lightraye Studio • 2005 ","pin":"pin-orange.png"},{"id":"692","lat":"50.118609","long":"-122.946525","title":"146: Welcome Figures: Ray Natraoro, Johnnie Abraham, Jonathan Joe • 2008 ","pin":"pin-grass.png"},{"id":"694","lat":"50.119432","long":"-122.948758","title":"147: Lorimer Bridge Mural: Chili Thom, Stan Matwychuk et al • 2007 ","pin":"pin-orange.png"},{"id":"696","lat":"50.106769","long":"-122.944375","title":"148: L’nu – The People: Mi’kmaq Association for Cultural Studies 10 artists in collaboration • 2009","pin":"pin-grass.png"},{"id":"698","lat":"50.107415","long":"-122.942962","title":"149: Sunulhkay – Two Headed Serpent: Ray Natraoro • 2009","pin":"pin-grass.png"},{"id":"700","lat":"50.120404","long":"-122.948037","title":"150: Seppo Sculpture: Christina Nick • 2012","pin":"pin-orange.png"},{"id":"706","lat":"50.117656","long":"-122.956548","title":"153: Museum Mural: Kris Kupskay • 2013","pin":"pin-orange.png"},{"id":"708","lat":"50.115153","long":"-122.954865","title":"154: Welcome Figure: Tawx’sin Yexwulla / Poolxtun (Aaron Nelson-Moody) assisted by Bansht (Delmar Williams) & Westa7 (Todd Edmonds) • 2012 ","pin":"pin-grass.png"},{"id":"712","lat":"50.117819","long":"-122.953119","title":"156: He-yay Meymuy (Big Flood): Xwalacktun • 2014/15","pin":"pin-grass.png"},{"id":"714","lat":"50.117805","long":"-122.953047","title":"157: No Thing is Forever: Paul Wong • 2016","pin":"pin-orange.png"}]